{"Critic_loss_agent_2":0.020473022013902664,"3-layers.0.weight-grad":3.5169658851863517e-11,"4-layers.2.weight-grad":1.935210498793527e-11,"2-layers.0.bias-grad":7.335891616389034e-11,"4-layers.0.bias-grad":1.9515156851612758e-11,"4-layers.2.bias-grad":2.0600852967955774e-10,"_wandb":{"runtime":19},"1-layers.2.bias-grad":1.311312308738266e-10,"Actor_loss_agent_4":1.6844571828842163,"3-layers.4.bias-grad":1.9666156703124216e-08,"0-layers.2.weight-grad":1.5936167316321637e-11,"Critic_loss_agent_1":0.040789373219013214,"0-layers.2.bias-grad":1.2018969153260173e-10,"3-layers.2.bias-grad":2.27323854185002e-10,"1-layers.0.weight-grad":1.534681930148718e-11,"2-layers.0.weight-grad":4.0307618354162855e-11,"Critic_loss_agent_4":0.01759563758969307,"1-layers.4.weight-grad":3.5024211308964937e-10,"1-layers.2.weight-grad":1.5774725276029855e-11,"_timestamp":1.7313432888993058e+09,"2-layers.4.weight-grad":6.589894185893286e-10,"3-layers.0.bias-grad":6.003058466985678e-11,"0-layers.4.bias-grad":1.5203589498469228e-08,"1-layers.4.bias-grad":2.2066910077001012e-08,"0-layers.4.weight-grad":2.236894280915891e-10,"Actor_loss_agent_1":2.203291177749634,"2-layers.2.bias-grad":4.956989263504852e-10,"2-layers.4.bias-grad":3.360236888738655e-08,"0-layers.0.bias-grad":1.656339995714795e-11,"_runtime":19.208027669,"1-layers.0.bias-grad":2.2341595587449525e-11,"Actor_loss_agent_3":1.6842561960220337,"Critic_loss_agent_0":0.5416994094848633,"Critic_loss_agent_3":0.01928703486919403,"_step":0,"2-layers.2.weight-grad":6.24503088131334e-11,"Actor_loss_agent_2":1.7652355432510376,"4-layers.4.weight-grad":2.336426885296561e-10,"3-layers.4.weight-grad":2.669527932042115e-10,"Actor_loss_agent_0":1.464160442352295,"0-layers.0.weight-grad":1.1497545970851064e-11,"4-layers.0.weight-grad":1.4877519355360747e-11,"3-layers.2.weight-grad":1.6054496274064967e-11,"4-layers.4.bias-grad":1.592573362074745e-08}