{"2-layers.4.weight-grad":7.28949456352268e-10,"1-layers.4.weight-grad":6.94809265677776e-10,"Actor_loss_agent_2":1.7979018688201904,"4-layers.4.bias-grad":1.4018419314254515e-08,"Actor_loss_agent_3":1.687782883644104,"1-layers.2.bias-grad":2.6367688588102567e-10,"4-layers.2.weight-grad":1.6338342137545148e-11,"Critic_loss_agent_2":0.0212792307138443,"3-layers.0.weight-grad":3.518362337584513e-11,"Critic_loss_agent_3":0.01939660869538784,"2-layers.0.bias-grad":8.259067735272296e-11,"3-layers.0.bias-grad":6.01098198993455e-11,"0-layers.0.weight-grad":2.660060366421746e-11,"2-layers.0.weight-grad":4.5443499657737974e-11,"_timestamp":1.7313405033257203e+09,"Critic_loss_agent_4":0.016452113166451454,"_wandb":{"runtime":43},"4-layers.4.weight-grad":2.1206553180164178e-10,"2-layers.2.bias-grad":5.516629375534876e-10,"Actor_loss_agent_4":1.5987164974212646,"4-layers.2.bias-grad":1.7224097148549333e-10,"3-layers.4.weight-grad":2.441508106798551e-10,"_runtime":43.646231826,"0-layers.0.bias-grad":3.598837547413858e-11,"2-layers.2.weight-grad":6.932735635567511e-11,"0-layers.2.weight-grad":2.5422467950231287e-11,"Actor_loss_agent_1":2.2316157817840576,"Actor_loss_agent_0":2.201021671295166,"2-layers.4.bias-grad":3.7424317866907586e-08,"Critic_loss_agent_1":0.044850483536720276,"1-layers.2.weight-grad":3.1742854872396364e-11,"1-layers.0.weight-grad":2.6325813057281877e-11,"4-layers.0.weight-grad":1.2133277021986189e-11,"0-layers.4.bias-grad":2.056458825450136e-08,"1-layers.4.bias-grad":4.380052942565271e-08,"3-layers.2.bias-grad":2.1615366441185557e-10,"3-layers.4.bias-grad":1.7946868879903377e-08,"3-layers.2.weight-grad":1.533540655573873e-11,"Critic_loss_agent_0":0.04064609855413437,"4-layers.0.bias-grad":1.5594484037428913e-11,"0-layers.4.weight-grad":3.0986049837089524e-10,"_step":0,"1-layers.0.bias-grad":3.8902374377425275e-11,"0-layers.2.bias-grad":1.7989730538570115e-10}