{"_wandb":{"runtime":117},"_timestamp":1.7312552781803188e+09,"_runtime":117.428795228,"_step":0,"Return":-43.839,"Timestep":1731255278}