{"_wandb":{"runtime":924},"_runtime":924.94704968,"_step":190000,"Return":-50,"Timestep":1731253710,"_timestamp":1.731253710930913e+09}