{"2-layers.0.weight-grad":7.829043170204386e-06,"4-layers.0.bias-grad":5.86467652219369e-10,"Actor_loss_agent_0":0.148029163479805,"3-layers.4.bias-grad":1.750152200941102e-08,"1-layers.0.weight-grad":3.6996009384893114e-06,"0-layers.2.weight-grad":4.399441877467325e-06,"Critic_loss_agent_2":0.08332669734954834,"Collision":0.52,"Timestep":1731423311,"Critic_grad_norm_agent_2":3.584951639175415,"2-layers.4.bias-grad":8.948382657081311e-08,"Critic_loss_agent_3":0.010537521913647652,"Critic_grad_norm_agent_0":0.046673983335494995,"Actor_loss_agent_2":2.6633386611938477,"3-layers.4.weight-grad":6.018548219799413e-07,"_timestamp":1.7314234774982314e+09,"Critic_loss_agent_1":0.09255003184080124,"3-layers.0.bias-grad":9.736441514140992e-11,"Critic_loss_agent_4":0.00046422850573435426,"2-layers.2.weight-grad":6.060171017452376e-06,"1-layers.2.weight-grad":1.278420427297533e-06,"1-layers.4.weight-grad":1.6304168184433365e-06,"0-layers.4.bias-grad":4.338077630450243e-08,"4-layers.4.bias-grad":4.297325872926194e-08,"0-layers.0.weight-grad":1.1196359082532581e-05,"_step":1400000,"0-layers.2.bias-grad":9.442045367791252e-09,"_runtime":11723.828127188,"0-layers.4.weight-grad":5.52338542547659e-06,"Actor_loss_agent_1":2.740711212158203,"4-layers.4.weight-grad":6.633700877500814e-07,"0-layers.0.bias-grad":3.460200570515326e-09,"Critic_grad_norm_agent_3":3.5796751976013184,"Actor_loss_agent_4":0.08804221451282501,"1-layers.0.bias-grad":1.0868795863316905e-09,"3-layers.0.weight-grad":3.538359862886864e-07,"4-layers.2.bias-grad":2.5227226974067207e-09,"3-layers.2.bias-grad":1.1553493717286756e-09,"Return":-11.65,"Actor_grad_norm_agent_1":0.034189604222774506,"Critic_loss_agent_0":0.002012865385040641,"Actor_loss_agent_3":0.34632012248039246,"Actor_grad_norm_agent_3":0.012423819862306118,"1-layers.4.bias-grad":3.488230859716168e-08,"Actor_grad_norm_agent_0":0.06084714084863663,"2-layers.0.bias-grad":2.2656954090649606e-09,"1-layers.2.bias-grad":4.406515596855343e-09,"_wandb":{"runtime":11723},"4-layers.0.weight-grad":2.1777382244181354e-06,"2-layers.2.bias-grad":1.3756325856206786e-08,"4-layers.2.weight-grad":3.0587307264795527e-07,"Critic_grad_norm_agent_1":6.174415111541748,"2-layers.4.weight-grad":6.362184194586007e-06,"Critic_grad_norm_agent_4":0.21393337845802307,"Actor_grad_norm_agent_2":0.05990637466311455,"Actor_grad_norm_agent_4":0.023417405784130096,"3-layers.2.weight-grad":1.5340086179094214e-07}